model,accuracy,macro_f1,weighted_f1,train_rows,test_rows,category_count
Linear SVM,0.9616788321167883,0.679179917625188,0.9542070581651891,2186,548,8
