model,accuracy,precision,recall,f1
Linear SVM,0.9603729603729604,0.9830827067669173,0.9543795620437956,0.9685185185185186
Hybrid Stacking,0.9592074592074592,0.9741219963031423,0.9616788321167883,0.967860422405877
SGD Log Loss,0.9592074592074592,0.9812382739212008,0.9543795620437956,0.967622571692877
Logistic Regression,0.9487179487179487,0.9864864864864865,0.9324817518248175,0.9587242026266416
Complement NB,0.9440559440559441,0.9512635379061372,0.9616788321167883,0.956442831215971
